,entry,Residues,Feature1,Feature2,Feature3,Feature4,Predicted ΔG H2O kcal/mol
0,4in5Hout.pdb,241,4.067759336099582,0.09098727493127172,0.05891784232365145,-0.6092904564315352,-13.983691054064572
